x,luma
2.129338E-1,2.876067E1
2.128601E-1,2.777170E1
2.127864E-1,2.776757E1
2.127127E-1,2.765519E1
2.126391E-1,2.770592E1
2.125654E-1,2.778452E1
2.124917E-1,2.761036E1
2.124180E-1,2.779919E1
2.123444E-1,2.768227E1
2.122707E-1,2.706208E1
2.121970E-1,2.650857E1
2.121233E-1,2.625814E1
2.120497E-1,2.632764E1
2.119760E-1,2.647131E1
2.119023E-1,2.614081E1
2.118286E-1,2.551047E1
2.117549E-1,2.474234E1
2.116813E-1,2.477141E1
2.116076E-1,2.601928E1
2.115339E-1,2.724437E1
2.114602E-1,2.737200E1
2.113866E-1,2.659235E1
2.113129E-1,2.623476E1
2.112392E-1,2.658292E1
2.111655E-1,2.653215E1
2.110919E-1,2.554636E1
2.110182E-1,2.435364E1
2.109445E-1,2.379665E1
2.108708E-1,2.398034E1
2.107972E-1,2.448534E1
2.107235E-1,2.549922E1
2.106498E-1,2.700929E1
2.105761E-1,2.782865E1
2.105024E-1,2.795152E1
2.104288E-1,2.829752E1
2.103551E-1,2.840640E1
2.102814E-1,2.828612E1
2.102077E-1,2.808356E1
2.101341E-1,2.813230E1
2.100604E-1,2.874861E1
2.099867E-1,2.921974E1
2.099130E-1,2.946881E1
2.098394E-1,2.965386E1
2.097657E-1,3.023323E1
2.096920E-1,3.087698E1
2.096183E-1,3.126679E1
2.095446E-1,3.111277E1
2.094710E-1,3.119104E1
2.093973E-1,3.219653E1
2.093236E-1,3.281768E1
2.092499E-1,3.205902E1
2.091763E-1,3.124903E1
2.091026E-1,3.188393E1
2.090289E-1,3.274503E1
2.089552E-1,3.266914E1
2.088816E-1,3.248428E1
2.088079E-1,3.318698E1
2.087342E-1,3.414680E1
2.086605E-1,3.381064E1
2.085868E-1,3.262796E1
2.085132E-1,3.202309E1
2.084395E-1,3.202244E1
2.083658E-1,3.204293E1
2.082921E-1,3.248794E1
2.082185E-1,3.284104E1
2.081448E-1,3.268462E1
2.080711E-1,3.251507E1
2.079974E-1,3.273565E1
2.079238E-1,3.262860E1
2.078501E-1,3.209329E1
2.077764E-1,3.176278E1
2.077027E-1,3.179788E1
2.076291E-1,3.168878E1
2.075554E-1,3.138746E1
2.074817E-1,3.123897E1
2.074080E-1,3.117695E1
2.073343E-1,3.131640E1
2.072607E-1,3.083405E1
2.071870E-1,2.984175E1
2.071133E-1,2.940469E1
2.070396E-1,2.917333E1
2.069660E-1,2.912400E1
2.068923E-1,2.899757E1
2.068186E-1,2.873169E1
2.067449E-1,2.826733E1
2.066713E-1,2.745009E1
2.065976E-1,2.622826E1
2.065239E-1,2.520614E1
2.064502E-1,2.504690E1
2.063765E-1,2.537344E1
2.063029E-1,2.532255E1
2.062292E-1,2.532679E1
2.061555E-1,2.573907E1
2.060818E-1,2.625667E1
2.060082E-1,2.667278E1
2.059345E-1,2.676202E1
2.058608E-1,2.641945E1
2.057871E-1,2.564608E1
2.057135E-1,2.493208E1
2.056398E-1,2.493852E1
2.055661E-1,2.546509E1
2.054924E-1,2.553620E1
2.054188E-1,2.553861E1
2.053451E-1,2.626666E1
2.052714E-1,2.719706E1
2.051977E-1,2.767861E1
2.051240E-1,2.744826E1
2.050504E-1,2.714556E1
2.049767E-1,2.705901E1
2.049030E-1,2.627172E1
2.048293E-1,2.517445E1
2.047557E-1,2.504861E1
2.046820E-1,2.627069E1
2.046083E-1,2.761066E1
2.045346E-1,2.745733E1
2.044610E-1,2.710348E1
2.043873E-1,2.763608E1
2.043136E-1,2.842031E1
2.042399E-1,2.850214E1
2.041662E-1,2.899121E1
2.040926E-1,3.006999E1
2.040189E-1,3.035561E1
2.039452E-1,2.972136E1
2.038715E-1,2.936363E1
2.037979E-1,2.934140E1
2.037242E-1,2.941232E1
2.036505E-1,2.972681E1
2.035768E-1,3.009036E1
2.035032E-1,3.098748E1
2.034295E-1,3.261792E1
2.033558E-1,3.397757E1
2.032821E-1,3.364865E1
2.032085E-1,3.206160E1
2.031348E-1,3.112128E1
2.030611E-1,3.119561E1
2.029874E-1,3.153053E1
2.029137E-1,3.192802E1
2.028401E-1,3.202926E1
2.027664E-1,3.277934E1
2.026927E-1,3.450134E1
2.026190E-1,3.523623E1
2.025454E-1,3.474887E1
2.024717E-1,3.467593E1
2.023980E-1,3.529116E1
2.023243E-1,3.552711E1
2.022507E-1,3.442699E1
2.021770E-1,3.232895E1
2.021033E-1,3.053169E1
2.020296E-1,3.003873E1
2.019559E-1,3.087200E1
2.018823E-1,3.166882E1
2.018086E-1,3.204087E1
2.017349E-1,3.272273E1
2.016612E-1,3.297870E1
2.015876E-1,3.249244E1
2.015139E-1,3.207407E1
2.014402E-1,3.237236E1
2.013665E-1,3.241759E1
2.012929E-1,3.188349E1
2.012192E-1,3.166022E1
2.011455E-1,3.178542E1
2.010718E-1,3.194210E1
2.009982E-1,3.204358E1
2.009245E-1,3.214730E1
2.008508E-1,3.235160E1
2.007771E-1,3.254171E1
2.007034E-1,3.212958E1
2.006298E-1,3.164150E1
2.005561E-1,3.161108E1
2.004824E-1,3.182545E1
2.004087E-1,3.146876E1
2.003351E-1,3.082228E1
2.002614E-1,3.061701E1
2.001877E-1,3.069525E1
2.001140E-1,3.087910E1
2.000404E-1,3.057285E1
1.999667E-1,2.982334E1
1.998930E-1,2.988877E1
1.998193E-1,2.998186E1
1.997456E-1,2.949116E1
1.996720E-1,2.925100E1
1.995983E-1,2.929409E1
1.995246E-1,2.886493E1
1.994509E-1,2.817385E1
1.993773E-1,2.810031E1
1.993036E-1,2.849389E1
1.992299E-1,2.879307E1
1.991562E-1,2.909683E1
1.990826E-1,2.960013E1
1.990089E-1,2.952596E1
1.989352E-1,2.919781E1
1.988615E-1,2.955380E1
1.987878E-1,2.965847E1
1.987142E-1,2.946171E1
1.986405E-1,2.901020E1
1.985668E-1,2.882984E1
1.984931E-1,2.875850E1
1.984195E-1,2.900791E1
1.983458E-1,2.934961E1
1.982721E-1,2.941494E1
1.981984E-1,2.985548E1
1.981248E-1,3.003583E1
1.980511E-1,3.018497E1
1.979774E-1,3.064091E1
1.979037E-1,3.044987E1
1.978301E-1,2.908881E1
1.977564E-1,2.799274E1
1.976827E-1,2.746999E1
1.976090E-1,2.756194E1
1.975353E-1,2.859516E1
1.974617E-1,3.064987E1
1.973880E-1,3.356869E1
1.973143E-1,3.640795E1
1.972406E-1,3.674206E1
1.971670E-1,3.529670E1
1.970933E-1,3.566750E1
1.970196E-1,3.612866E1
1.969459E-1,3.650997E1
1.968723E-1,3.647751E1
1.967986E-1,3.624426E1
1.967249E-1,3.636952E1
1.966512E-1,3.640538E1
1.965775E-1,3.655003E1
1.965039E-1,3.763766E1
1.964302E-1,3.879678E1
1.963565E-1,3.888156E1
1.962828E-1,3.851720E1
1.962092E-1,3.827437E1
1.961355E-1,3.753584E1
1.960618E-1,3.571105E1
1.959881E-1,3.381733E1
1.959145E-1,3.263582E1
1.958408E-1,3.266381E1
1.957671E-1,3.358379E1
1.956934E-1,3.440137E1
1.956198E-1,3.528523E1
1.955461E-1,3.624514E1
1.954724E-1,3.707489E1
1.953987E-1,3.757201E1
1.953250E-1,3.709535E1
1.952514E-1,3.681685E1
1.951777E-1,3.659582E1
1.951040E-1,3.630633E1
1.950303E-1,3.597147E1
1.949567E-1,3.590310E1
1.948830E-1,3.575307E1
1.948093E-1,3.513458E1
1.947356E-1,3.495269E1
1.946620E-1,3.396768E1
1.945883E-1,3.283012E1
1.945146E-1,3.262060E1
1.944409E-1,3.186581E1
1.943672E-1,3.156242E1
1.942936E-1,3.181179E1
1.942199E-1,3.059246E1
1.941462E-1,2.956279E1
1.940725E-1,2.812470E1
1.939989E-1,2.743483E1
1.939252E-1,2.761185E1
1.938515E-1,2.774939E1
1.937778E-1,2.823349E1
1.937042E-1,2.909764E1
1.936305E-1,2.957839E1
1.935568E-1,3.030626E1
1.934831E-1,3.092630E1
1.934095E-1,3.150833E1
1.933358E-1,2.996544E1
1.932621E-1,2.793318E1
1.931884E-1,2.747215E1
1.931147E-1,2.621689E1
1.930411E-1,2.612136E1
1.929674E-1,2.732369E1
1.928937E-1,2.804213E1
1.928200E-1,2.863911E1
1.927464E-1,3.004094E1
1.926727E-1,3.181197E1
1.925990E-1,3.264002E1
1.925253E-1,3.209665E1
1.924517E-1,3.135125E1
1.923780E-1,3.129454E1
1.923043E-1,3.097509E1
1.922306E-1,3.048723E1
1.921569E-1,3.044550E1
1.920833E-1,3.122091E1
1.920096E-1,3.223882E1
1.919359E-1,3.312784E1
1.918622E-1,3.381168E1
1.917886E-1,3.415381E1
1.917149E-1,3.416961E1
1.916412E-1,3.472757E1
1.915675E-1,3.610171E1
1.914939E-1,3.711261E1
1.914202E-1,3.694469E1
1.913465E-1,3.680355E1
1.912728E-1,3.800993E1
1.911991E-1,3.959697E1
1.911255E-1,4.090206E1
1.910518E-1,4.144520E1
1.909781E-1,4.146940E1
1.909044E-1,4.159549E1
1.908308E-1,4.188979E1
1.907571E-1,4.191448E1
1.906834E-1,4.197212E1
1.906097E-1,4.230959E1
1.905361E-1,4.197081E1
1.904624E-1,4.097532E1
1.903887E-1,3.981204E1
1.903150E-1,3.999935E1
1.902414E-1,4.172542E1
1.901677E-1,4.328108E1
1.900940E-1,4.408567E1
1.900203E-1,4.478761E1
1.899466E-1,4.548215E1
1.898730E-1,4.538946E1
1.897993E-1,4.412912E1
1.897256E-1,4.258448E1
1.896519E-1,4.183844E1
1.895783E-1,4.180753E1
1.895046E-1,4.173760E1
1.894309E-1,4.160048E1
1.893572E-1,4.202639E1
1.892836E-1,4.262064E1
1.892099E-1,4.277237E1
1.891362E-1,4.265833E1
1.890625E-1,4.259613E1
1.889888E-1,4.262071E1
1.889152E-1,4.272770E1
1.888415E-1,4.221512E1
1.887678E-1,3.944046E1
1.886941E-1,3.502774E1
1.886205E-1,3.138535E1
1.885468E-1,3.032416E1
1.884731E-1,3.105602E1
1.883994E-1,3.331788E1
1.883258E-1,3.642079E1
1.882521E-1,3.720922E1
1.881784E-1,3.699161E1
1.881047E-1,3.673297E1
1.880311E-1,3.635435E1
1.879574E-1,3.485182E1
1.878837E-1,3.357932E1
1.878100E-1,3.287423E1
1.877363E-1,3.241320E1
1.876627E-1,3.248302E1
1.875890E-1,3.228063E1
1.875153E-1,3.223297E1
1.874416E-1,3.225079E1
1.873680E-1,3.220414E1
1.872943E-1,3.188741E1
1.872206E-1,3.149665E1
1.871469E-1,3.086527E1
1.870733E-1,3.054867E1
1.869996E-1,3.028043E1
1.869259E-1,2.964320E1
1.868522E-1,2.873176E1
1.867785E-1,2.822010E1
1.867049E-1,2.831371E1
1.866312E-1,2.902574E1
1.865575E-1,3.021235E1
1.864838E-1,3.121113E1
1.864102E-1,3.151699E1
1.863365E-1,3.142902E1
1.862628E-1,3.120498E1
1.861891E-1,3.111758E1
1.861155E-1,3.090810E1
1.860418E-1,3.019434E1
1.859681E-1,3.015142E1
1.858944E-1,2.993135E1
1.858208E-1,2.954552E1
1.857471E-1,3.124378E1
1.856734E-1,3.447929E1
1.855997E-1,3.622422E1
1.855260E-1,3.722869E1
1.854524E-1,3.834650E1
1.853787E-1,3.861440E1
1.853050E-1,3.902490E1
1.852313E-1,4.001795E1
1.851577E-1,4.055557E1
1.850840E-1,3.879672E1
1.850103E-1,3.594037E1
1.849366E-1,3.568390E1
1.848630E-1,3.816714E1
1.847893E-1,4.113539E1
1.847156E-1,4.365882E1
1.846419E-1,4.533777E1
1.845682E-1,4.599751E1
1.844946E-1,4.511284E1
1.844209E-1,4.346673E1
1.843472E-1,4.338962E1
1.842735E-1,4.407383E1
1.841999E-1,4.300760E1
1.841262E-1,4.053452E1
1.840525E-1,3.748519E1
1.839788E-1,3.701488E1
1.839052E-1,4.016995E1
1.838315E-1,4.435271E1
1.837578E-1,4.638487E1
1.836841E-1,4.689129E1
1.836105E-1,4.641902E1
1.835368E-1,4.594207E1
1.834631E-1,4.482060E1
1.833894E-1,4.374517E1
1.833157E-1,4.262016E1
1.832421E-1,4.133831E1
1.831684E-1,3.975797E1
1.830947E-1,3.860446E1
1.830210E-1,3.848144E1
1.829474E-1,4.047366E1
1.828737E-1,4.403558E1
1.828000E-1,4.391380E1
1.827263E-1,4.129378E1
1.826527E-1,3.932225E1
1.825790E-1,3.889876E1
1.825053E-1,3.965731E1
1.824316E-1,3.969716E1
1.823579E-1,3.745169E1
1.822843E-1,3.372093E1
1.822106E-1,3.305261E1
1.821369E-1,3.343575E1
1.820632E-1,3.435000E1
1.819896E-1,3.645959E1
1.819159E-1,3.712289E1
1.818422E-1,3.653464E1
1.817685E-1,3.620908E1
1.816949E-1,3.649656E1
1.816212E-1,3.614542E1
1.815475E-1,3.484706E1
1.814738E-1,3.282981E1
1.814001E-1,3.178923E1
1.813265E-1,3.103779E1
1.812528E-1,3.004657E1
1.811791E-1,3.003313E1
1.811054E-1,3.149843E1
1.810318E-1,3.338948E1
1.809581E-1,3.384963E1
1.808844E-1,3.332497E1
1.808107E-1,3.289495E1
1.807371E-1,3.275511E1
1.806634E-1,3.292977E1
1.805897E-1,3.290887E1
1.805160E-1,3.198997E1
1.804424E-1,3.178009E1
1.803687E-1,3.216522E1
1.802950E-1,3.224189E1
1.802213E-1,3.415811E1
1.801476E-1,3.652248E1
1.800740E-1,3.681799E1
1.800003E-1,3.668900E1
1.799266E-1,3.795360E1
1.798529E-1,3.906466E1
1.797793E-1,3.935497E1
1.797056E-1,3.970131E1
1.796319E-1,3.950707E1
1.795582E-1,3.826892E1
1.794846E-1,3.696452E1
1.794109E-1,3.641353E1
1.793372E-1,3.660601E1
1.792635E-1,3.783155E1
1.791898E-1,4.051320E1
1.791162E-1,4.276416E1
1.790425E-1,4.413047E1
1.789688E-1,4.454237E1
1.788951E-1,4.501923E1
1.788215E-1,4.518867E1
1.787478E-1,4.432657E1
1.786741E-1,4.479996E1
1.786004E-1,4.586183E1
1.785268E-1,4.561109E1
1.784531E-1,4.624695E1
1.783794E-1,4.823931E1
1.783057E-1,4.940699E1
1.782321E-1,4.995006E1
1.781584E-1,4.978712E1
1.780847E-1,4.946942E1
1.780110E-1,5.001119E1
1.779373E-1,5.066983E1
1.778637E-1,5.073765E1
1.777900E-1,5.040871E1
1.777163E-1,5.013715E1
1.776426E-1,5.025113E1
1.775690E-1,5.094414E1
1.774953E-1,5.258874E1
1.774216E-1,5.499737E1
1.773479E-1,5.402020E1
1.772743E-1,5.431653E1
1.772006E-1,5.485450E1
1.771269E-1,5.353783E1
1.770532E-1,5.248618E1
1.769795E-1,5.268236E1
1.769059E-1,5.297327E1
1.768322E-1,5.244942E1
1.767585E-1,5.179460E1
1.766848E-1,5.052953E1
1.766112E-1,4.852220E1
1.765375E-1,4.787316E1
1.764638E-1,4.876301E1
1.763901E-1,4.977310E1
1.763165E-1,5.041179E1
1.762428E-1,5.013797E1
1.761691E-1,5.017010E1
1.760954E-1,5.125412E1
1.760218E-1,5.204048E1
1.759481E-1,5.019058E1
1.758744E-1,4.686286E1
1.758007E-1,4.286947E1
1.757270E-1,4.014689E1
1.756534E-1,3.895078E1
1.755797E-1,3.911900E1
1.755060E-1,4.004747E1
1.754323E-1,4.054078E1
1.753587E-1,4.024104E1
1.752850E-1,4.047339E1
1.752113E-1,4.053485E1
1.751376E-1,3.965117E1
1.750640E-1,3.784704E1
1.749903E-1,3.508818E1
1.749166E-1,3.133652E1
1.748429E-1,2.836206E1
1.747692E-1,2.697411E1
1.746956E-1,2.814706E1
1.746219E-1,2.985548E1
1.745482E-1,3.061053E1
1.744745E-1,3.041234E1
1.744009E-1,3.111847E1
1.743272E-1,3.245115E1
1.742535E-1,3.275710E1
1.741798E-1,3.168216E1
1.741062E-1,3.065329E1
1.740325E-1,3.039697E1
1.739588E-1,3.055602E1
1.738851E-1,3.055701E1
1.738115E-1,3.133931E1
1.737378E-1,3.281644E1
1.736641E-1,3.514677E1
1.735904E-1,3.839216E1
1.735167E-1,4.099569E1
1.734431E-1,4.202950E1
1.733694E-1,4.142008E1
1.732957E-1,4.065684E1
1.732220E-1,4.042698E1
1.731484E-1,4.146197E1
1.730747E-1,4.269630E1
1.730010E-1,4.166714E1
1.729273E-1,3.930522E1
1.728537E-1,3.914529E1
1.727800E-1,4.163024E1
1.727063E-1,4.472506E1
1.726326E-1,4.712992E1
1.725589E-1,4.876798E1
1.724853E-1,4.950200E1
1.724116E-1,4.958743E1
1.723379E-1,4.968370E1
1.722642E-1,5.057234E1
1.721906E-1,5.137648E1
1.721169E-1,5.163881E1
1.720432E-1,5.196012E1
1.719695E-1,5.287982E1
1.718959E-1,5.398971E1
1.718222E-1,5.516446E1
1.717485E-1,5.636505E1
1.716748E-1,5.639890E1
1.716011E-1,5.718398E1
1.715275E-1,5.880290E1
1.714538E-1,5.886544E1
1.713801E-1,5.847676E1
1.713064E-1,5.888140E1
1.712328E-1,5.902740E1
1.711591E-1,5.960735E1
1.710854E-1,5.960831E1
1.710117E-1,5.857077E1
1.709381E-1,5.787458E1
1.708644E-1,5.809012E1
1.707907E-1,5.857675E1
1.707170E-1,5.830606E1
1.706434E-1,5.764929E1
1.705697E-1,5.823034E1
1.704960E-1,5.752230E1
1.704223E-1,5.636917E1
1.703486E-1,5.599421E1
1.702750E-1,5.432355E1
1.702013E-1,5.067235E1
1.701276E-1,4.734157E1
1.700539E-1,4.426365E1
1.699803E-1,4.471253E1
1.699066E-1,4.620363E1
1.698329E-1,4.793739E1
1.697592E-1,5.023314E1
1.696856E-1,5.323868E1
1.696119E-1,5.482621E1
1.695382E-1,5.518246E1
1.694645E-1,5.565191E1
1.693908E-1,5.497354E1
1.693172E-1,5.377453E1
1.692435E-1,5.219291E1
1.691698E-1,4.838493E1
1.690961E-1,4.655458E1
1.690225E-1,4.593888E1
1.689488E-1,4.705374E1
1.688751E-1,4.733476E1
1.688014E-1,4.688045E1
1.687278E-1,4.592863E1
1.686541E-1,4.646181E1
1.685804E-1,4.760819E1
1.685067E-1,4.721810E1
1.684331E-1,4.585973E1
1.683594E-1,4.450467E1
1.682857E-1,4.204037E1
1.682120E-1,4.010830E1
1.681383E-1,3.930146E1
1.680647E-1,3.963533E1
1.679910E-1,4.019209E1
1.679173E-1,4.065597E1
1.678436E-1,4.085391E1
1.677700E-1,4.100458E1
1.676963E-1,4.177100E1
1.676226E-1,4.220902E1
1.675489E-1,4.176145E1
1.674753E-1,4.183289E1
1.674016E-1,4.159614E1
1.673279E-1,3.975805E1
1.672542E-1,3.912696E1
1.671805E-1,4.043093E1
1.671069E-1,4.256846E1
1.670332E-1,4.509485E1
1.669595E-1,4.557983E1
1.668858E-1,4.506178E1
1.668122E-1,4.564802E1
1.667385E-1,4.539757E1
1.666648E-1,4.495397E1
1.665911E-1,4.493662E1
1.665175E-1,4.521848E1
1.664438E-1,4.430816E1
1.663701E-1,4.267553E1
1.662964E-1,4.278720E1
1.662228E-1,4.545674E1
1.661491E-1,4.890582E1
1.660754E-1,4.970288E1
1.660017E-1,4.972334E1
1.659280E-1,5.097872E1
1.658544E-1,5.159362E1
1.657807E-1,5.029343E1
1.657070E-1,5.065940E1
1.656333E-1,5.159670E1
1.655597E-1,5.171077E1
1.654860E-1,5.055692E1
1.654123E-1,5.010690E1
1.653386E-1,5.048495E1
1.652650E-1,5.017449E1
1.651913E-1,5.102418E1
1.651176E-1,5.305331E1
1.650439E-1,5.385873E1
1.649702E-1,5.467152E1
1.648966E-1,5.612332E1
1.648229E-1,5.711794E1
1.647492E-1,5.774769E1
1.646755E-1,5.681376E1
1.646019E-1,5.626668E1
1.645282E-1,5.580037E1
1.644545E-1,5.529699E1
1.643808E-1,5.472709E1
1.643072E-1,5.440045E1
1.642335E-1,5.436981E1
1.641598E-1,5.440113E1
1.640861E-1,5.440753E1
1.640125E-1,5.466618E1
1.639388E-1,5.488040E1
1.638651E-1,5.467565E1
1.637914E-1,5.426298E1
1.637177E-1,5.409032E1
1.636441E-1,5.359586E1
1.635704E-1,5.221228E1
1.634967E-1,5.174808E1
1.634230E-1,5.190989E1
1.633494E-1,5.209184E1
1.632757E-1,5.158055E1
1.632020E-1,5.089002E1
1.631283E-1,5.069462E1
1.630547E-1,5.071195E1
1.629810E-1,4.964698E1
1.629073E-1,4.830709E1
1.628336E-1,4.657888E1
1.627599E-1,4.361618E1
1.626863E-1,4.185725E1
1.626126E-1,3.878216E1
1.625389E-1,3.552913E1
1.624652E-1,3.550136E1
1.623916E-1,3.559632E1
1.623179E-1,3.633607E1
1.622442E-1,3.531671E1
1.621705E-1,3.470385E1
1.620969E-1,3.473042E1
1.620232E-1,3.369377E1
1.619495E-1,3.304020E1
1.618758E-1,3.385028E1
1.618021E-1,3.361117E1
1.617285E-1,3.259466E1
1.616548E-1,3.175568E1
1.615811E-1,3.159553E1
1.615074E-1,3.244818E1
1.614338E-1,3.406004E1
1.613601E-1,3.633455E1
1.612864E-1,3.807526E1
1.612127E-1,3.905927E1
1.611391E-1,3.928216E1
1.610654E-1,3.940796E1
1.609917E-1,3.910275E1
1.609180E-1,3.698793E1
1.608444E-1,3.471087E1
1.607707E-1,3.300477E1
1.606970E-1,3.164333E1
1.606233E-1,3.288190E1
1.605496E-1,3.820110E1
1.604760E-1,4.378467E1
1.604023E-1,4.754588E1
1.603286E-1,4.919260E1
1.602549E-1,4.990973E1
1.601813E-1,5.092580E1
1.601076E-1,5.183990E1
1.600339E-1,5.288382E1
1.599602E-1,5.385363E1
1.598866E-1,5.483316E1
1.598129E-1,5.516518E1
1.597392E-1,5.522534E1
1.596655E-1,5.570527E1
1.595918E-1,5.753712E1
1.595182E-1,5.954247E1
1.594445E-1,6.146680E1
1.593708E-1,6.471935E1
1.592971E-1,6.828103E1
1.592235E-1,6.950897E1
1.591498E-1,6.515166E1
1.590761E-1,6.153687E1
1.590024E-1,6.224167E1
1.589288E-1,6.279001E1
1.588551E-1,6.377550E1
1.587814E-1,6.457006E1
1.587077E-1,6.535111E1
1.586341E-1,6.675866E1
1.585604E-1,6.884662E1
1.584867E-1,6.915233E1
1.584130E-1,6.867372E1
1.583393E-1,6.924690E1
1.582657E-1,6.881476E1
1.581920E-1,6.877561E1
1.581183E-1,6.785568E1
1.580446E-1,6.650605E1
1.579710E-1,6.409809E1
1.578973E-1,6.162070E1
1.578236E-1,6.124017E1
1.577499E-1,6.333096E1
1.576763E-1,6.606971E1
1.576026E-1,6.786567E1
1.575289E-1,6.814020E1
1.574552E-1,6.926315E1
1.573815E-1,7.026547E1
1.573079E-1,6.847418E1
1.572342E-1,6.650199E1
1.571605E-1,6.682274E1
1.570868E-1,6.660517E1
1.570132E-1,6.563511E1
1.569395E-1,6.446654E1
1.568658E-1,6.267363E1
1.567921E-1,6.203862E1
1.567185E-1,6.351119E1
1.566448E-1,6.392055E1
1.565711E-1,6.298415E1
1.564974E-1,6.250369E1
1.564238E-1,6.166309E1
1.563501E-1,6.085669E1
1.562764E-1,6.057307E1
1.562027E-1,6.029965E1
1.561290E-1,6.017771E1
1.560554E-1,5.649482E1
1.559817E-1,4.918873E1
1.559080E-1,4.430343E1
1.558343E-1,4.620254E1
1.557607E-1,4.791265E1
1.556870E-1,4.940135E1
1.556133E-1,4.961102E1
1.555396E-1,4.948023E1
1.554660E-1,4.850599E1
1.553923E-1,4.745724E1
1.553186E-1,4.637437E1
1.552449E-1,4.615503E1
1.551712E-1,4.595232E1
1.550976E-1,4.589320E1
1.550239E-1,4.559770E1
1.549502E-1,4.565997E1
1.548765E-1,4.635866E1
1.548029E-1,4.732295E1
1.547292E-1,4.834715E1
1.546555E-1,5.043117E1
1.545818E-1,5.173046E1
1.545082E-1,5.213174E1
1.544345E-1,5.290288E1
1.543608E-1,5.420297E1
1.542871E-1,5.502914E1
1.542135E-1,5.515591E1
1.541398E-1,5.411491E1
1.540661E-1,5.365439E1
1.539924E-1,5.431146E1
1.539187E-1,5.650648E1
1.538451E-1,5.929502E1
1.537714E-1,6.271985E1
1.536977E-1,6.612594E1
1.536240E-1,6.821536E1
1.535504E-1,6.786103E1
1.534767E-1,6.678214E1
1.534030E-1,6.567593E1
1.533293E-1,6.608452E1
1.532557E-1,6.783933E1
1.531820E-1,7.013805E1
1.531083E-1,7.254565E1
1.530346E-1,7.429486E1
1.529609E-1,7.566826E1
1.528873E-1,7.818846E1
1.528136E-1,8.028992E1
1.527399E-1,8.146365E1
1.526662E-1,8.281300E1
1.525926E-1,8.367788E1
1.525189E-1,8.283294E1
1.524452E-1,8.163077E1
1.523715E-1,8.153579E1
1.522979E-1,8.070355E1
1.522242E-1,7.916552E1
1.521505E-1,7.983803E1
1.520768E-1,8.446068E1
1.520031E-1,8.903245E1
1.519295E-1,8.914878E1
1.518558E-1,8.715061E1
1.517821E-1,8.577775E1
1.517084E-1,8.437080E1
1.516348E-1,8.473741E1
1.515611E-1,8.411748E1
1.514874E-1,8.045831E1
1.514137E-1,7.517535E1
1.513401E-1,7.038282E1
1.512664E-1,6.690336E1
1.511927E-1,6.638415E1
1.511190E-1,7.124176E1
1.510454E-1,7.557360E1
1.509717E-1,7.626256E1
1.508980E-1,7.659802E1
1.508243E-1,7.568477E1
1.507506E-1,7.632248E1
1.506770E-1,7.527698E1
1.506033E-1,7.422711E1
1.505296E-1,7.322514E1
1.504559E-1,6.991835E1
1.503823E-1,6.413735E1
1.503086E-1,5.830537E1
1.502349E-1,5.443749E1
1.501612E-1,5.238706E1
1.500876E-1,5.049646E1
1.500139E-1,4.566052E1
1.499402E-1,4.158162E1
1.498665E-1,3.777691E1
1.497928E-1,3.655346E1
1.497192E-1,3.648525E1
1.496455E-1,3.571560E1
1.495718E-1,3.508509E1
1.494981E-1,3.441771E1
1.494245E-1,3.350043E1
1.493508E-1,3.318094E1
1.492771E-1,3.231448E1
1.492034E-1,3.219104E1
1.491298E-1,3.416074E1
1.490561E-1,3.657187E1
1.489824E-1,3.716262E1
1.489087E-1,3.643746E1
1.488351E-1,3.588282E1
1.487614E-1,3.507094E1
1.486877E-1,3.502057E1
1.486140E-1,3.493141E1
1.485403E-1,3.388235E1
1.484667E-1,3.195881E1
1.483930E-1,3.094111E1
1.483193E-1,3.054440E1
1.482456E-1,3.044750E1
1.481720E-1,3.266077E1
1.480983E-1,3.517157E1
1.480246E-1,3.595912E1
1.479509E-1,3.577118E1
1.478773E-1,3.580980E1
1.478036E-1,3.616479E1
1.477299E-1,3.666382E1
1.476562E-1,3.591674E1
1.475825E-1,3.459390E1
1.475089E-1,3.235839E1
1.474352E-1,3.108416E1
1.473615E-1,3.220552E1
1.472878E-1,3.521950E1
1.472142E-1,3.862225E1
1.471405E-1,4.084741E1
1.470668E-1,4.232450E1
1.469931E-1,4.198975E1
1.469195E-1,4.057812E1
1.468458E-1,3.900336E1
1.467721E-1,3.768131E1
1.466984E-1,3.691589E1
1.466248E-1,3.623092E1
1.465511E-1,3.543505E1
1.464774E-1,3.465645E1
1.464037E-1,3.610768E1
1.463300E-1,3.878476E1
1.462564E-1,4.168293E1
1.461827E-1,4.346713E1
1.461090E-1,4.370109E1
1.460353E-1,4.398873E1
1.459617E-1,4.455766E1
1.458880E-1,4.481787E1
1.458143E-1,4.586369E1
1.457406E-1,4.682032E1
1.456670E-1,4.796695E1
1.455933E-1,5.016644E1
1.455196E-1,5.137321E1
1.454459E-1,5.518387E1
1.453722E-1,6.352262E1
1.452986E-1,7.091250E1
1.452249E-1,7.336113E1
1.451512E-1,7.781124E1
1.450775E-1,8.825677E1
1.450039E-1,9.765533E1
1.449302E-1,1.019409E2
1.448565E-1,1.038590E2
1.447828E-1,1.041841E2
1.447092E-1,9.875414E1
1.446355E-1,9.283307E1
1.445618E-1,9.368065E1
1.444881E-1,9.716485E1
1.444145E-1,1.001644E2
1.443408E-1,9.878843E1
1.442671E-1,9.775828E1
1.441934E-1,9.459307E1
1.441197E-1,9.469516E1
1.440461E-1,9.428204E1
1.439724E-1,9.310496E1
1.438987E-1,9.158897E1
1.438250E-1,8.865433E1
1.437514E-1,8.236984E1
1.436777E-1,7.846104E1
1.436040E-1,7.777704E1
1.435303E-1,7.752284E1
1.434567E-1,7.859153E1
1.433830E-1,7.735261E1
1.433093E-1,7.585407E1
1.432356E-1,7.546325E1
1.431619E-1,7.636865E1
1.430883E-1,7.672683E1
1.430146E-1,7.483277E1
1.429409E-1,7.295328E1
1.428672E-1,7.270905E1
1.427936E-1,7.052456E1
1.427199E-1,6.658146E1
1.426462E-1,6.457428E1
1.425725E-1,6.441094E1
1.424989E-1,6.593488E1
1.424252E-1,6.686420E1
1.423515E-1,6.654767E1
1.422778E-1,6.586693E1
1.422041E-1,6.628777E1
1.421305E-1,6.718203E1
1.420568E-1,6.681053E1
1.419831E-1,6.537116E1
1.419094E-1,6.465334E1
1.418358E-1,6.423880E1
1.417621E-1,6.304277E1
1.416884E-1,6.205461E1
1.416147E-1,6.390544E1
1.415411E-1,6.741423E1
1.414674E-1,7.192142E1
1.413937E-1,7.571729E1
1.413200E-1,7.874614E1
1.412464E-1,8.165436E1
1.411727E-1,8.362651E1
1.410990E-1,8.682389E1
1.410253E-1,9.113444E1
1.409516E-1,9.238740E1
1.408780E-1,9.142497E1
1.408043E-1,8.971085E1
1.407306E-1,8.927308E1
1.406569E-1,9.282835E1
1.405833E-1,9.722217E1
1.405096E-1,9.986972E1
1.404359E-1,1.004459E2
1.403622E-1,9.991127E1
1.402886E-1,1.010080E2
1.402149E-1,1.035763E2
1.401412E-1,1.046880E2
1.400675E-1,1.032159E2
1.399938E-1,1.021096E2
1.399202E-1,1.050281E2
1.398465E-1,1.109731E2
1.397728E-1,1.111221E2
1.396991E-1,1.092206E2
1.396255E-1,1.106191E2
1.395518E-1,1.109461E2
1.394781E-1,1.103649E2
1.394044E-1,1.110048E2
1.393308E-1,1.118459E2
1.392571E-1,1.111822E2
1.391834E-1,1.098773E2
1.391097E-1,1.102505E2
1.390361E-1,1.119750E2
1.389624E-1,1.119569E2
1.388887E-1,1.094967E2
1.388150E-1,1.043935E2
1.387413E-1,1.059883E2
1.386677E-1,1.105099E2
1.385940E-1,1.137371E2
1.385203E-1,1.129727E2
1.384466E-1,1.106262E2
1.383730E-1,1.089578E2
1.382993E-1,1.084678E2
1.382256E-1,1.102209E2
1.381519E-1,1.120054E2
1.380783E-1,1.130313E2
1.380046E-1,1.121226E2
1.379309E-1,1.094669E2
1.378572E-1,1.073952E2
1.377835E-1,1.080698E2
1.377099E-1,1.094981E2
1.376362E-1,1.083011E2
1.375625E-1,1.083716E2
1.374888E-1,1.091633E2
1.374152E-1,1.078215E2
1.373415E-1,1.050337E2
1.372678E-1,1.036066E2
1.371941E-1,1.022637E2
1.371205E-1,9.857820E1
1.370468E-1,9.017214E1
1.369731E-1,8.193396E1
1.368994E-1,7.978874E1
1.368258E-1,8.026347E1
1.367521E-1,7.983888E1
1.366784E-1,7.939619E1
1.366047E-1,7.750240E1
1.365310E-1,7.603347E1
1.364574E-1,7.448142E1
1.363837E-1,7.330745E1
1.363100E-1,7.155592E1
1.362363E-1,6.964757E1
1.361627E-1,6.803393E1
1.360890E-1,6.612012E1
1.360153E-1,6.408873E1
1.359416E-1,6.282832E1
1.358680E-1,6.317566E1
1.357943E-1,6.493483E1
1.357206E-1,6.637294E1
1.356469E-1,6.760732E1
1.355732E-1,6.904399E1
1.354996E-1,7.207069E1
1.354259E-1,7.542528E1
1.353522E-1,7.828714E1
1.352785E-1,8.059875E1
1.352049E-1,8.197335E1
1.351312E-1,8.228932E1
1.350575E-1,8.206323E1
1.349838E-1,8.338118E1
1.349102E-1,8.668188E1
1.348365E-1,9.353169E1
1.347628E-1,1.003006E2
1.346891E-1,1.021457E2
1.346155E-1,1.033624E2
1.345418E-1,1.053096E2
1.344681E-1,1.081893E2
1.343944E-1,1.113129E2
1.343207E-1,1.130920E2
1.342471E-1,1.125415E2
1.341734E-1,1.100075E2
1.340997E-1,1.043071E2
1.340260E-1,1.044685E2
1.339524E-1,1.105396E2
1.338787E-1,1.165765E2
1.338050E-1,1.199756E2
1.337313E-1,1.216944E2
1.336577E-1,1.269362E2
1.335840E-1,1.300918E2
1.335103E-1,1.305023E2
1.334366E-1,1.294083E2
1.333629E-1,1.296766E2
1.332893E-1,1.291537E2
1.332156E-1,1.249598E2
1.331419E-1,1.190463E2
1.330682E-1,1.189019E2
1.329946E-1,1.233371E2
1.329209E-1,1.250387E2
1.328472E-1,1.267799E2
1.327735E-1,1.281129E2
1.326999E-1,1.318015E2
1.326262E-1,1.349840E2
1.325525E-1,1.356970E2
1.324788E-1,1.351255E2
1.324051E-1,1.324544E2
1.323315E-1,1.272730E2
1.322578E-1,1.211362E2
1.321841E-1,1.180758E2
1.321104E-1,1.178120E2
1.320368E-1,1.243483E2
1.319631E-1,1.293868E2
1.318894E-1,1.308082E2
1.318157E-1,1.282624E2
1.317421E-1,1.267201E2
1.316684E-1,1.273983E2
1.315947E-1,1.305599E2
1.315210E-1,1.323586E2
1.314474E-1,1.312954E2
1.313737E-1,1.261348E2
1.313000E-1,1.225699E2
1.312263E-1,1.201666E2
1.311526E-1,1.189216E2
1.310790E-1,1.190818E2
1.310053E-1,1.193513E2
1.309316E-1,1.155696E2
1.308579E-1,1.144649E2
1.307843E-1,1.123781E2
1.307106E-1,1.102380E2
1.306369E-1,1.058685E2
1.305632E-1,1.026247E2
1.304896E-1,1.003809E2
1.304159E-1,9.728338E1
1.303422E-1,9.042896E1
1.302685E-1,8.284488E1
1.301948E-1,8.241802E1
1.301212E-1,8.799388E1
1.300475E-1,9.192037E1
1.299738E-1,9.364561E1
1.299001E-1,9.428227E1
1.298265E-1,9.351233E1
1.297528E-1,9.130569E1
1.296791E-1,9.001913E1
1.296054E-1,9.103553E1
1.295318E-1,9.303560E1
1.294581E-1,9.374250E1
1.293844E-1,9.347589E1
1.293107E-1,9.214487E1
1.292371E-1,8.913281E1
1.291634E-1,9.011020E1
1.290897E-1,9.168882E1
1.290160E-1,9.214486E1
1.289423E-1,9.401948E1
1.288687E-1,1.000222E2
1.287950E-1,1.050209E2
1.287213E-1,1.062994E2
1.286476E-1,1.077452E2
1.285740E-1,1.087454E2
1.285003E-1,1.096151E2
1.284266E-1,1.109664E2
1.283529E-1,1.123895E2
1.282793E-1,1.136570E2
1.282056E-1,1.162125E2
1.281319E-1,1.209606E2
1.280582E-1,1.288742E2
1.279845E-1,1.347059E2
1.279109E-1,1.378006E2
1.278372E-1,1.362864E2
1.277635E-1,1.327119E2
1.276898E-1,1.332852E2
1.276162E-1,1.361183E2
1.275425E-1,1.371349E2
1.274688E-1,1.355331E2
1.273951E-1,1.316500E2
1.273215E-1,1.288592E2
1.272478E-1,1.292840E2
1.271741E-1,1.339365E2
1.271004E-1,1.400085E2
1.270268E-1,1.462709E2
1.269531E-1,1.471604E2
1.268794E-1,1.494069E2
1.268057E-1,1.531843E2
1.267320E-1,1.556335E2
1.266584E-1,1.549921E2
1.265847E-1,1.533001E2
1.265110E-1,1.524334E2
1.264373E-1,1.517572E2
1.263637E-1,1.521657E2
1.262900E-1,1.593444E2
1.262163E-1,1.587914E2
1.261426E-1,1.601155E2
1.260690E-1,1.618288E2
1.259953E-1,1.631832E2
1.259216E-1,1.632714E2
1.258479E-1,1.626760E2
1.257742E-1,1.573402E2
1.257006E-1,1.524341E2
1.256269E-1,1.516814E2
1.255532E-1,1.505456E2
1.254795E-1,1.483676E2
1.254059E-1,1.454660E2
1.253322E-1,1.457114E2
1.252585E-1,1.517721E2
1.251848E-1,1.593664E2
1.251112E-1,1.588017E2
1.250375E-1,1.551437E2
1.249638E-1,1.520221E2
1.248901E-1,1.547533E2
1.248165E-1,1.569071E2
1.247428E-1,1.565702E2
1.246691E-1,1.541155E2
1.245954E-1,1.480316E2
1.245217E-1,1.420874E2
1.244481E-1,1.369359E2
1.243744E-1,1.324094E2
1.243007E-1,1.289182E2
1.242270E-1,1.269125E2
1.241534E-1,1.273609E2
1.240797E-1,1.266346E2
1.240060E-1,1.244674E2
1.239323E-1,1.221070E2
1.238587E-1,1.207593E2
1.237850E-1,1.215013E2
1.237113E-1,1.208418E2
1.236376E-1,1.168133E2
1.235639E-1,1.127211E2
1.234903E-1,1.068149E2
1.234166E-1,9.937221E1
1.233429E-1,9.528724E1
1.232692E-1,9.416818E1
1.231956E-1,9.208777E1
1.231219E-1,9.010102E1
1.230482E-1,8.775752E1
1.229745E-1,8.541010E1
1.229009E-1,8.482317E1
1.228272E-1,8.586557E1
1.227535E-1,8.744169E1
1.226798E-1,9.110596E1
1.226061E-1,9.092426E1
1.225325E-1,8.719073E1
1.224588E-1,8.657344E1
1.223851E-1,8.867787E1
1.223114E-1,9.427201E1
1.222378E-1,1.090851E2
1.221641E-1,1.205985E2
1.220904E-1,1.214456E2
1.220167E-1,1.220098E2
1.219431E-1,1.255371E2
1.218694E-1,1.296929E2
1.217957E-1,1.341885E2
1.217220E-1,1.374902E2
1.216484E-1,1.402619E2
1.215747E-1,1.413948E2
1.215010E-1,1.470300E2
1.214273E-1,1.579555E2
1.213536E-1,1.651126E2
1.212800E-1,1.675169E2
1.212063E-1,1.731597E2
1.211326E-1,1.747166E2
1.210589E-1,1.816281E2
1.209853E-1,1.944564E2
1.209116E-1,2.014518E2
1.208379E-1,2.046644E2
1.207642E-1,2.040190E2
1.206906E-1,2.018327E2
1.206169E-1,1.983816E2
1.205432E-1,1.987611E2
1.204695E-1,2.049277E2
1.203958E-1,2.088141E2
1.203222E-1,2.164595E2
1.202485E-1,2.198414E2
1.201748E-1,2.239808E2
1.201011E-1,2.232948E2
1.200275E-1,2.220961E2
1.199538E-1,2.227468E2
1.198801E-1,2.263166E2
1.198064E-1,2.293542E2
1.197328E-1,2.311325E2
1.196591E-1,2.299302E2
1.195854E-1,2.254700E2
1.195117E-1,2.262219E2
1.194381E-1,2.252993E2
1.193644E-1,2.267573E2
1.192907E-1,2.268433E2
1.192170E-1,2.276758E2
1.191433E-1,2.276132E2
1.190697E-1,2.277489E2
1.189960E-1,2.273025E2
1.189223E-1,2.278574E2
1.188486E-1,2.283513E2
1.187750E-1,2.272948E2
1.187013E-1,2.240577E2
1.186276E-1,2.205051E2
1.185539E-1,2.197045E2
1.184803E-1,2.204982E2
1.184066E-1,2.211506E2
1.183329E-1,2.215090E2
1.182592E-1,2.205291E2
1.181855E-1,2.268400E2
1.181119E-1,2.275716E2
1.180382E-1,2.250107E2
1.179645E-1,2.211376E2
1.178908E-1,2.176423E2
1.178172E-1,2.154053E2
1.177435E-1,2.089380E2
1.176698E-1,1.949066E2
1.175961E-1,1.846101E2
1.175225E-1,1.962782E2
1.174488E-1,2.031504E2
1.173751E-1,1.978806E2
1.173014E-1,1.899507E2
1.172278E-1,1.906794E2
1.171541E-1,1.927408E2
1.170804E-1,1.895064E2
1.170067E-1,1.874898E2
1.169330E-1,1.926420E2
1.168594E-1,1.865959E2
1.167857E-1,1.729346E2
1.167120E-1,1.675211E2
1.166383E-1,1.640881E2
1.165647E-1,1.632178E2
1.164910E-1,1.586537E2
1.164173E-1,1.506533E2
1.163436E-1,1.554663E2
1.162700E-1,1.657231E2
1.161963E-1,1.879133E2
1.161226E-1,1.997432E2
1.160489E-1,1.959105E2
1.159752E-1,1.873289E2
1.159016E-1,1.867650E2
1.158279E-1,1.897726E2
1.157542E-1,1.916277E2
1.156805E-1,1.929143E2
1.156069E-1,2.054795E2
1.155332E-1,2.167989E2
1.154595E-1,2.256082E2
1.153858E-1,2.323645E2
1.153122E-1,2.358379E2
1.152385E-1,2.382603E2
1.151648E-1,2.410034E2
1.150911E-1,2.439438E2
1.150175E-1,2.465960E2
1.149438E-1,2.476773E2
1.148701E-1,2.480911E2
1.147964E-1,2.484653E2
1.147227E-1,2.493210E2
1.146491E-1,2.508846E2
1.145754E-1,2.510906E2
1.145017E-1,2.514578E2
1.144280E-1,2.514245E2
1.143544E-1,2.517010E2
1.142807E-1,2.513391E2
1.142070E-1,2.510568E2
1.141333E-1,2.508903E2
1.140597E-1,2.513766E2
1.139860E-1,2.516059E2
1.139123E-1,2.517160E2
1.138386E-1,2.517851E2
1.137649E-1,2.520462E2
1.136913E-1,2.520288E2
1.136176E-1,2.519814E2
1.135439E-1,2.519229E2
1.134702E-1,2.519773E2
1.133966E-1,2.518588E2
1.133229E-1,2.518261E2
1.132492E-1,2.517664E2
1.131755E-1,2.519399E2
1.131019E-1,2.518512E2
1.130282E-1,2.518228E2
1.129545E-1,2.517607E2
1.128808E-1,2.518332E2
1.128071E-1,2.519705E2
1.127335E-1,2.520048E2
1.126598E-1,2.515563E2
1.125861E-1,2.505666E2
1.125124E-1,2.485455E2
1.124388E-1,2.456329E2
1.123651E-1,2.425370E2
1.122914E-1,2.384602E2
1.122177E-1,2.271532E2
1.121441E-1,1.921407E2
1.120704E-1,1.653243E2
1.119967E-1,1.535450E2
1.119230E-1,1.390440E2
1.118494E-1,1.231330E2
1.117757E-1,1.163768E2
1.117020E-1,1.154007E2
1.116283E-1,1.155298E2
1.115546E-1,1.170816E2
1.114810E-1,1.182288E2
1.114073E-1,1.188797E2
1.113336E-1,1.178028E2
1.112599E-1,1.157084E2
1.111863E-1,1.137207E2
1.111126E-1,1.119929E2
1.110389E-1,1.110102E2
1.109652E-1,1.102882E2
1.108916E-1,1.089492E2
1.108179E-1,1.053735E2
1.107442E-1,1.021411E2
1.106705E-1,1.027920E2
1.105968E-1,1.054034E2
1.105232E-1,1.065153E2
1.104495E-1,1.109480E2
1.103758E-1,1.132523E2
1.103021E-1,1.135555E2
1.102285E-1,1.137333E2
1.101548E-1,1.132693E2
1.100811E-1,1.126675E2
1.100074E-1,1.130514E2
1.099338E-1,1.126407E2
1.098601E-1,1.121185E2
1.097864E-1,1.112483E2
1.097127E-1,1.130945E2
1.096391E-1,1.166629E2
1.095654E-1,1.199548E2
1.094917E-1,1.213915E2
1.094180E-1,1.219225E2
1.093443E-1,1.211467E2
1.092707E-1,1.232877E2
1.091970E-1,1.268334E2
1.091233E-1,1.317203E2
1.090496E-1,1.330239E2
1.089760E-1,1.340100E2
1.089023E-1,1.401245E2
1.088286E-1,1.810614E2
1.087549E-1,2.315426E2
1.086813E-1,2.420413E2
1.086076E-1,2.457440E2
1.085339E-1,2.480683E2
1.084602E-1,2.505086E2
1.083865E-1,2.511647E2
1.083129E-1,2.517831E2
1.082392E-1,2.519335E2
1.081655E-1,2.520928E2
1.080918E-1,2.520943E2
1.080182E-1,2.520956E2
1.079445E-1,2.520968E2
1.078708E-1,2.520654E2
1.077971E-1,2.520650E2
1.077235E-1,2.520650E2
1.076498E-1,2.521021E2
1.075761E-1,2.524920E2
1.075024E-1,2.524920E2
1.074288E-1,2.524920E2
1.073551E-1,2.524920E2
1.072814E-1,2.524920E2
1.072077E-1,2.524920E2
1.071340E-1,2.524920E2
1.070604E-1,2.524762E2
1.069867E-1,2.523845E2
1.069130E-1,2.523954E2
1.068393E-1,2.524385E2
1.067657E-1,2.524678E2
1.066920E-1,2.526411E2
1.066183E-1,2.526104E2
1.065446E-1,2.526520E2
1.064710E-1,2.526309E2
1.063973E-1,2.524896E2
1.063236E-1,2.517957E2
1.062499E-1,2.519263E2
1.061762E-1,2.520190E2
1.061026E-1,2.519829E2
1.060289E-1,2.518643E2
1.059552E-1,2.517658E2
1.058815E-1,2.520048E2
1.058079E-1,2.519511E2
1.057342E-1,2.518919E2
1.056605E-1,2.521344E2
1.055868E-1,2.519581E2
1.055132E-1,2.518722E2
1.054395E-1,2.518453E2
1.053658E-1,2.521730E2
1.052921E-1,2.520106E2
1.052185E-1,2.518169E2
1.051448E-1,2.515450E2
1.050711E-1,2.513170E2
1.049974E-1,2.509867E2
1.049237E-1,2.493127E2
1.048501E-1,2.491259E2
1.047764E-1,2.491472E2
1.047027E-1,2.496683E2
1.046290E-1,2.499784E2
1.045554E-1,2.502506E2
1.044817E-1,2.502977E2
1.044080E-1,2.489920E2
1.043343E-1,2.466559E2
1.042607E-1,2.421255E2
1.041870E-1,2.390438E2
1.041133E-1,2.331360E2
1.040396E-1,2.240249E2
1.039659E-1,2.137397E2
1.038923E-1,1.998033E2
1.038186E-1,1.906734E2
1.037449E-1,1.927162E2
1.036712E-1,1.891447E2
1.035976E-1,1.860979E2
1.035239E-1,1.825816E2
1.034502E-1,1.806814E2
1.033765E-1,1.766109E2
1.033029E-1,1.698165E2
1.032292E-1,1.631236E2
1.031555E-1,1.565139E2
1.030818E-1,1.448074E2
1.030081E-1,1.338487E2
1.029345E-1,1.287542E2
1.028608E-1,1.281660E2
1.027871E-1,1.275980E2
1.027134E-1,1.314426E2
1.026398E-1,1.584882E2
1.025661E-1,1.832253E2
1.024924E-1,1.821245E2
1.024187E-1,1.808173E2
1.023451E-1,1.866108E2
1.022714E-1,1.935137E2
1.021977E-1,1.979680E2
1.021240E-1,2.045110E2
1.020504E-1,2.116270E2
1.019767E-1,2.153321E2
1.019030E-1,2.080480E2
1.018293E-1,1.906277E2
1.017556E-1,1.969665E2
1.016820E-1,2.198871E2
1.016083E-1,2.309789E2
1.015346E-1,2.322828E2
1.014609E-1,2.317768E2
1.013873E-1,2.303067E2
1.013136E-1,2.302751E2
1.012399E-1,2.335421E2
1.011662E-1,2.371918E2
1.010926E-1,2.383519E2
1.010189E-1,2.384695E2
1.009452E-1,2.344713E2
1.008715E-1,2.228573E2
1.007978E-1,2.274481E2
1.007242E-1,2.373646E2
1.006505E-1,2.411327E2
1.005768E-1,2.383664E2
1.005031E-1,2.343929E2
1.004295E-1,2.354281E2
1.003558E-1,2.384814E2
1.002821E-1,2.400561E2
1.002084E-1,2.404438E2
1.001348E-1,2.387465E2
1.000611E-1,2.399701E2
9.998741E-2,2.390450E2
9.991373E-2,2.353182E2
9.984005E-2,2.289099E2
9.976638E-2,2.310282E2
9.969270E-2,2.332367E2
9.961902E-2,2.282512E2
9.954535E-2,2.249539E2
9.947167E-2,2.216738E2
9.939799E-2,2.222115E2
9.932432E-2,2.232860E2
9.925064E-2,2.213132E2
9.917696E-2,2.199274E2
9.910329E-2,2.188424E2
9.902961E-2,2.157535E2
9.895593E-2,2.128049E2
9.888226E-2,2.043502E2
9.880858E-2,1.937190E2
9.873490E-2,1.898225E2
9.866122E-2,1.931845E2
9.858755E-2,1.960859E2
9.851387E-2,1.961761E2
9.844019E-2,1.931847E2
9.836652E-2,1.856867E2
9.829284E-2,1.786664E2
9.821916E-2,1.766110E2
9.814549E-2,1.763025E2
9.807181E-2,1.746302E2
9.799813E-2,1.695700E2
9.792446E-2,1.564177E2
9.785078E-2,1.402877E2
9.777710E-2,1.344634E2
9.770343E-2,1.401605E2
9.762975E-2,1.459681E2
9.755607E-2,1.498759E2
9.748240E-2,1.469093E2
9.740872E-2,1.416338E2
9.733504E-2,1.386578E2
9.726137E-2,1.364411E2
9.718769E-2,1.366768E2
9.711401E-2,1.385880E2
9.704034E-2,1.299773E2
9.696666E-2,1.212157E2
9.689298E-2,1.140272E2
9.681931E-2,1.094972E2
9.674563E-2,1.094793E2
9.667195E-2,1.085297E2
9.659828E-2,1.071003E2
9.652460E-2,1.057501E2
9.645092E-2,1.042472E2
9.637725E-2,1.022267E2
9.630357E-2,1.029785E2
9.622989E-2,1.042121E2
9.615622E-2,1.084773E2
9.608254E-2,1.102444E2
9.600886E-2,1.113030E2
9.593519E-2,1.103959E2
9.586151E-2,1.086742E2
9.578783E-2,1.121798E2
9.571416E-2,1.207390E2
9.564048E-2,1.230358E2
9.556680E-2,1.255201E2
9.549313E-2,1.302257E2
9.541945E-2,1.309145E2
9.534577E-2,1.319381E2
9.527210E-2,1.303720E2
9.519842E-2,1.313136E2
9.512474E-2,1.327816E2
9.505107E-2,1.377613E2
9.497739E-2,1.422041E2
9.490371E-2,1.427692E2
9.483004E-2,1.412713E2
9.475636E-2,1.482499E2
9.468268E-2,1.564843E2
9.460901E-2,1.578375E2
9.453533E-2,1.534075E2
9.446165E-2,1.609979E2
9.438798E-2,1.712198E2
9.431430E-2,1.722576E2
9.424062E-2,1.730703E2
9.416695E-2,1.759635E2
9.409327E-2,1.744544E2
9.401959E-2,1.670840E2
9.394592E-2,1.690223E2
9.387224E-2,1.696186E2
9.379856E-2,1.650726E2
9.372489E-2,1.677451E2
9.365121E-2,1.738950E2
9.357753E-2,1.772691E2
9.350386E-2,1.736499E2
9.343018E-2,1.717119E2
9.335650E-2,1.757723E2
9.328283E-2,1.837025E2
9.320915E-2,1.888279E2
9.313547E-2,1.755756E2
9.306180E-2,1.648725E2
9.298812E-2,1.556493E2
9.291444E-2,1.464846E2
9.284077E-2,1.417068E2
9.276709E-2,1.400283E2
9.269341E-2,1.451943E2
9.261974E-2,1.542457E2
9.254606E-2,1.565568E2
9.247238E-2,1.536738E2
9.239871E-2,1.523507E2
9.232503E-2,1.532321E2
9.225135E-2,1.531147E2
9.217768E-2,1.506168E2
9.210400E-2,1.515399E2
9.203032E-2,1.493105E2
9.195665E-2,1.464894E2
9.188297E-2,1.406888E2
9.180929E-2,1.353371E2
9.173562E-2,1.382067E2
9.166194E-2,1.412267E2
9.158826E-2,1.434752E2
9.151459E-2,1.415105E2
9.144091E-2,1.390167E2
9.136723E-2,1.363252E2
9.129356E-2,1.329944E2
9.121988E-2,1.308222E2
9.114620E-2,1.281785E2
9.107253E-2,1.261679E2
9.099885E-2,1.268738E2
9.092517E-2,1.231344E2
9.085150E-2,1.173281E2
9.077782E-2,1.133057E2
9.070414E-2,1.109811E2
9.063047E-2,1.098121E2
9.055679E-2,1.110949E2
9.048311E-2,1.111115E2
9.040944E-2,1.087987E2
9.033576E-2,1.056420E2
9.026208E-2,1.040842E2
9.018841E-2,1.024754E2
9.011473E-2,9.982444E1
9.004105E-2,9.592803E1
8.996738E-2,9.296635E1
8.989370E-2,9.104276E1
8.982002E-2,8.982469E1
8.974635E-2,8.926343E1
8.967267E-2,9.103038E1
8.959899E-2,9.341770E1
8.952532E-2,9.383165E1
8.945164E-2,9.395136E1
8.937796E-2,9.501638E1
8.930429E-2,9.511006E1
8.923061E-2,9.594656E1
8.915693E-2,9.647515E1
8.908325E-2,9.683290E1
8.900958E-2,9.758263E1
8.893590E-2,9.867568E1
8.886222E-2,9.960081E1
8.878855E-2,1.001554E2
8.871487E-2,1.026888E2
8.864119E-2,1.096340E2
8.856752E-2,1.123929E2
8.849384E-2,1.140073E2
8.842016E-2,1.147186E2
8.834649E-2,1.168413E2
8.827281E-2,1.167551E2
8.819913E-2,1.160116E2
8.812546E-2,1.170263E2
8.805178E-2,1.219243E2
8.797810E-2,1.249124E2
8.790443E-2,1.237658E2
8.783075E-2,1.191314E2
8.775707E-2,1.179975E2
8.768340E-2,1.173528E2
8.760972E-2,1.191865E2
8.753604E-2,1.229424E2
8.746237E-2,1.271328E2
8.738869E-2,1.294380E2
8.731501E-2,1.295969E2
8.724134E-2,1.300903E2
8.716766E-2,1.289838E2
8.709398E-2,1.281158E2
8.702031E-2,1.281165E2
8.694663E-2,1.266547E2
8.687295E-2,1.258737E2
8.679928E-2,1.243141E2
8.672560E-2,1.224660E2
8.665192E-2,1.228811E2
8.657825E-2,1.241787E2
8.650457E-2,1.252597E2
8.643089E-2,1.249658E2
8.635722E-2,1.238829E2
8.628354E-2,1.227610E2
8.620986E-2,1.235946E2
8.613619E-2,1.240054E2
8.606251E-2,1.233371E2
8.598883E-2,1.226385E2
8.591516E-2,1.233863E2
8.584148E-2,1.237845E2
8.576780E-2,1.229521E2
8.569413E-2,1.193025E2
8.562045E-2,1.188181E2
8.554677E-2,1.205195E2
8.547310E-2,1.219011E2
8.539942E-2,1.231350E2
8.532574E-2,1.240300E2
8.525207E-2,1.228695E2
8.517839E-2,1.217441E2
8.510471E-2,1.210664E2
8.503104E-2,1.198870E2
8.495736E-2,1.177271E2
8.488368E-2,1.162251E2
8.481001E-2,1.141178E2
8.473633E-2,1.084278E2
8.466265E-2,1.020328E2
8.458898E-2,1.022921E2
8.451530E-2,1.048736E2
8.444162E-2,1.059300E2
8.436795E-2,1.058410E2
8.429427E-2,1.069738E2
8.422059E-2,1.076478E2
8.414692E-2,1.066982E2
8.407324E-2,1.044843E2
8.399956E-2,9.810069E1
8.392589E-2,9.306347E1
8.385221E-2,8.712409E1
8.377853E-2,8.194138E1
8.370486E-2,7.715564E1
8.363118E-2,7.285833E1
8.355750E-2,7.215565E1
8.348383E-2,7.373902E1
8.341015E-2,7.404727E1
8.333647E-2,7.471875E1
8.326280E-2,7.564377E1
8.318912E-2,7.616177E1
8.311544E-2,7.608381E1
8.304177E-2,7.613252E1
8.296809E-2,7.592076E1
8.289441E-2,7.543128E1
8.282074E-2,7.330103E1
8.274706E-2,6.413011E1
8.267338E-2,5.977446E1
8.259971E-2,6.021821E1
8.252603E-2,6.080488E1
8.245235E-2,6.199243E1
8.237868E-2,6.632277E1
8.230500E-2,7.157470E1
8.223132E-2,7.333061E1
8.215765E-2,7.562321E1
8.208397E-2,7.793347E1
8.201029E-2,8.100198E1
8.193662E-2,8.343409E1
8.186294E-2,8.318025E1
8.178926E-2,8.307122E1
8.171559E-2,8.447944E1
8.164191E-2,8.553526E1
8.156823E-2,8.694138E1
8.149456E-2,8.653420E1
8.142088E-2,8.718291E1
8.134720E-2,9.413387E1
8.127353E-2,1.029748E2
8.119985E-2,1.077746E2
8.112617E-2,1.094739E2
8.105250E-2,1.091166E2
8.097882E-2,1.096840E2
8.090514E-2,1.107101E2
8.083147E-2,1.120607E2
8.075779E-2,1.117321E2
8.068411E-2,1.086329E2
8.061044E-2,1.060824E2
8.053676E-2,1.059688E2
8.046308E-2,1.087601E2
8.038941E-2,1.111726E2
8.031573E-2,1.143398E2
8.024205E-2,1.161605E2
8.016838E-2,1.162061E2
8.009470E-2,1.160531E2
8.002102E-2,1.177157E2
7.994735E-2,1.193781E2
7.987367E-2,1.204671E2
7.979999E-2,1.196572E2
7.972632E-2,1.194444E2
7.965264E-2,1.184607E2
7.957896E-2,1.161390E2
7.950529E-2,1.129780E2
7.943161E-2,1.114981E2
7.935793E-2,1.113919E2
7.928425E-2,1.113461E2
7.921058E-2,1.141025E2
7.913690E-2,1.125384E2
7.906322E-2,1.123502E2
7.898955E-2,1.149511E2
7.891587E-2,1.180985E2
7.884219E-2,1.213745E2
7.876852E-2,1.203585E2
7.869484E-2,1.174273E2
7.862116E-2,1.117703E2
7.854749E-2,1.071323E2
7.847381E-2,1.025208E2
7.840013E-2,9.926763E1
7.832646E-2,1.027461E2
7.825278E-2,1.062793E2
7.817910E-2,1.043474E2
7.810543E-2,1.006836E2
7.803175E-2,1.002419E2
7.795807E-2,9.922102E1
7.788440E-2,9.728681E1
7.781072E-2,9.431668E1
7.773704E-2,9.161846E1
7.766337E-2,9.044596E1
7.758969E-2,8.976885E1
7.751601E-2,8.657285E1
7.744234E-2,7.994565E1
7.736866E-2,7.786932E1
7.729498E-2,7.966693E1
7.722131E-2,8.168762E1
7.714763E-2,8.177288E1
7.707395E-2,8.163566E1
7.700028E-2,8.119617E1
7.692660E-2,8.113389E1
7.685292E-2,7.922148E1
7.677925E-2,7.700922E1
7.670557E-2,7.617453E1
7.663189E-2,7.343371E1
7.655822E-2,7.133953E1
7.648454E-2,6.869838E1
7.641086E-2,6.096036E1
7.633719E-2,5.916152E1
7.626351E-2,5.921696E1
7.618983E-2,5.956368E1
7.611616E-2,5.935258E1
7.604248E-2,5.954495E1
7.596880E-2,5.959534E1
7.589513E-2,5.958413E1
7.582145E-2,5.993328E1
7.574777E-2,6.039252E1
7.567410E-2,5.981714E1
7.560042E-2,5.971574E1
7.552674E-2,5.916310E1
7.545307E-2,5.812226E1
7.537939E-2,5.733178E1
7.530571E-2,5.772437E1
7.523204E-2,5.882279E1
7.515836E-2,6.169672E1
7.508468E-2,6.451249E1
7.501101E-2,6.709232E1
7.493733E-2,6.881197E1
7.486365E-2,7.040836E1
7.478998E-2,7.212265E1
7.471630E-2,7.392548E1
7.464262E-2,7.569047E1
7.456895E-2,7.841878E1
7.449527E-2,7.899109E1
7.442159E-2,7.901001E1
7.434792E-2,7.818803E1
7.427424E-2,7.762043E1
7.420056E-2,7.914777E1
7.412689E-2,8.243066E1
7.405321E-2,8.492782E1
7.397953E-2,8.556141E1
7.390586E-2,8.671977E1
7.383218E-2,8.965996E1
7.375850E-2,9.080792E1
7.368483E-2,8.890147E1
7.361115E-2,8.973122E1
7.353747E-2,9.356023E1
7.346380E-2,9.497299E1
7.339012E-2,9.121127E1
7.331644E-2,8.751782E1
7.324277E-2,8.604141E1
7.316909E-2,8.657655E1
7.309541E-2,8.738722E1
7.302174E-2,9.111520E1
7.294806E-2,9.257623E1
7.287438E-2,8.972589E1
7.280071E-2,8.510406E1
7.272703E-2,7.979257E1
7.265335E-2,7.566794E1
7.257968E-2,6.991308E1
7.250600E-2,6.491949E1
7.243232E-2,5.923708E1
7.235865E-2,4.942074E1
7.228497E-2,4.130195E1
7.221129E-2,3.625139E1
7.213762E-2,3.569707E1
7.206394E-2,3.578589E1
7.199026E-2,3.776527E1
7.191659E-2,4.125545E1
7.184291E-2,4.375232E1
7.176923E-2,4.388200E1
7.169556E-2,4.356268E1
7.162188E-2,4.334850E1
7.154820E-2,4.401099E1
7.147453E-2,4.420165E1
7.140085E-2,4.391884E1
7.132717E-2,4.261394E1
7.125350E-2,4.100486E1
7.117982E-2,4.037778E1
7.110614E-2,4.121059E1
7.103247E-2,4.180085E1
7.095879E-2,4.219854E1
7.088511E-2,4.248369E1
7.081144E-2,4.279628E1
7.073776E-2,4.284943E1
7.066408E-2,4.307777E1
7.059041E-2,4.309002E1
7.051673E-2,4.293949E1
7.044305E-2,4.202433E1
7.036938E-2,4.185242E1
7.029570E-2,4.200733E1
7.022202E-2,4.161718E1
7.014835E-2,4.039132E1
7.007467E-2,3.906863E1
7.000099E-2,4.016778E1
6.992732E-2,4.212826E1
6.985364E-2,4.247739E1
6.977996E-2,4.319034E1
6.970629E-2,4.464243E1
6.963261E-2,4.668690E1
6.955893E-2,4.677288E1
6.948525E-2,4.565134E1
6.941158E-2,4.495531E1
6.933790E-2,4.561540E1
6.926422E-2,4.533988E1
6.919055E-2,4.394731E1
6.911687E-2,4.288092E1
6.904319E-2,4.185936E1
6.896952E-2,4.057388E1
6.889584E-2,4.071008E1
6.882216E-2,4.363845E1
6.874849E-2,4.726424E1
6.867481E-2,4.686434E1
6.860113E-2,4.589866E1
6.852746E-2,4.535599E1
6.845378E-2,4.517623E1
6.838010E-2,4.406863E1
6.830643E-2,4.218100E1
6.823275E-2,4.097035E1
6.815907E-2,4.117991E1
6.808540E-2,4.037040E1
6.801172E-2,3.947415E1
6.793804E-2,3.950533E1
6.786437E-2,3.978596E1
6.779069E-2,3.913824E1
6.771701E-2,3.997773E1
6.764334E-2,4.451937E1
6.756966E-2,5.062522E1
6.749598E-2,5.290064E1
6.742231E-2,5.750331E1
6.734863E-2,6.123902E1
6.727495E-2,6.610474E1
6.720128E-2,7.004588E1
6.712760E-2,7.076891E1
6.705392E-2,7.105540E1
6.698025E-2,7.094725E1
6.690657E-2,6.891702E1
6.683289E-2,6.914056E1
6.675922E-2,7.562690E1
6.668554E-2,8.094358E1
6.661186E-2,8.409817E1
6.653819E-2,8.575108E1
6.646451E-2,8.635290E1
6.639083E-2,8.606007E1
6.631716E-2,8.654849E1
6.624348E-2,8.695139E1
6.616980E-2,8.738077E1
6.609613E-2,8.764041E1
6.602245E-2,8.932009E1
6.594877E-2,8.504442E1
6.587510E-2,8.139583E1
6.580142E-2,8.085212E1
6.572774E-2,8.176529E1
6.565407E-2,8.923507E1
6.558039E-2,9.172473E1
6.550671E-2,8.855212E1
6.543304E-2,8.705872E1
6.535936E-2,8.699543E1
6.528568E-2,8.686988E1
6.521201E-2,8.795478E1
6.513833E-2,8.773419E1
6.506465E-2,8.783876E1
6.499098E-2,8.814726E1
6.491730E-2,8.660487E1
6.484362E-2,8.405672E1
6.476995E-2,8.288950E1
6.469627E-2,8.426333E1
6.462259E-2,8.507883E1
6.454892E-2,8.770780E1
6.447524E-2,8.833323E1
6.440156E-2,8.609888E1
6.432789E-2,8.350799E1
6.425421E-2,8.262302E1
6.418053E-2,8.088320E1
6.410686E-2,7.952292E1
6.403318E-2,8.018805E1
6.395950E-2,8.019659E1
6.388583E-2,7.937957E1
6.381215E-2,7.435637E1
6.373847E-2,7.024264E1
6.366480E-2,7.053809E1
6.359112E-2,7.069716E1
6.351744E-2,6.961175E1
6.344377E-2,6.958075E1
6.337009E-2,6.880670E1
6.329641E-2,6.759170E1
6.322274E-2,6.651495E1
6.314906E-2,6.567517E1
6.307538E-2,6.450244E1
6.300171E-2,6.390690E1
6.292803E-2,6.250933E1
6.285435E-2,6.066511E1
6.278068E-2,5.433808E1
6.270700E-2,4.749631E1
6.263332E-2,4.533114E1
6.255965E-2,4.605383E1
6.248597E-2,4.564605E1
6.241229E-2,4.526709E1
6.233862E-2,4.458992E1
6.226494E-2,4.531426E1
6.219126E-2,4.547765E1
6.211759E-2,4.597105E1
6.204391E-2,4.602526E1
6.197023E-2,4.704419E1
6.189656E-2,4.692909E1
6.182288E-2,4.585955E1
6.174920E-2,4.353236E1
6.167553E-2,3.818170E1
6.160185E-2,3.647547E1
6.152817E-2,3.719203E1
6.145450E-2,4.030200E1
6.138082E-2,4.500039E1
6.130714E-2,4.868728E1
6.123347E-2,4.997906E1
6.115979E-2,5.078321E1
6.108611E-2,5.259120E1
6.101244E-2,5.416069E1
6.093876E-2,5.427691E1
6.086508E-2,5.445846E1
6.079141E-2,5.507060E1
6.071773E-2,5.556244E1
6.064405E-2,5.594473E1
6.057038E-2,5.635307E1
6.049670E-2,5.677050E1
6.042302E-2,5.690071E1
6.034935E-2,5.804151E1
6.027567E-2,6.008379E1
6.020199E-2,6.196380E1
6.012832E-2,6.346165E1
6.005464E-2,6.500543E1
5.998096E-2,6.610813E1
5.990728E-2,6.708990E1
5.983361E-2,6.748984E1
5.975993E-2,6.771320E1
5.968625E-2,6.821914E1
5.961258E-2,6.836940E1
5.953890E-2,6.747154E1
5.946522E-2,6.652234E1
5.939155E-2,6.740120E1
5.931787E-2,6.920507E1
5.924419E-2,7.239170E1
5.917052E-2,7.424536E1
5.909684E-2,7.415345E1
5.902316E-2,7.367592E1
5.894949E-2,7.508864E1
5.887581E-2,7.639177E1
5.880213E-2,7.644972E1
5.872846E-2,7.643782E1
5.865478E-2,7.609717E1
5.858110E-2,7.598596E1
5.850743E-2,7.517510E1
5.843375E-2,7.343391E1
5.836007E-2,7.204156E1
5.828640E-2,7.186454E1
5.821272E-2,7.356311E1
5.813904E-2,7.546055E1
5.806537E-2,7.755465E1
5.799169E-2,7.779758E1
5.791801E-2,7.808078E1
5.784434E-2,7.840193E1
5.777066E-2,7.889130E1
5.769698E-2,7.883753E1
5.762331E-2,7.768869E1
5.754963E-2,7.634439E1
5.747595E-2,7.305225E1
5.740228E-2,7.135174E1
5.732860E-2,6.914303E1
5.725492E-2,6.786827E1
5.718125E-2,6.770773E1
5.710757E-2,6.756489E1
5.703389E-2,6.713044E1
5.696022E-2,6.654229E1
5.688654E-2,6.506363E1
5.681286E-2,6.479325E1
5.673919E-2,6.413723E1
5.666551E-2,6.294472E1
5.659183E-2,6.167743E1
5.651816E-2,6.073783E1
5.644448E-2,6.002357E1
5.637080E-2,5.908265E1
5.629713E-2,5.233178E1
5.622345E-2,4.901133E1
5.614977E-2,4.775896E1
5.607610E-2,4.826773E1
5.600242E-2,4.903234E1
5.592874E-2,4.925132E1
5.585507E-2,4.881566E1
5.578139E-2,4.910269E1
5.570771E-2,4.904432E1
5.563404E-2,4.888876E1
5.556036E-2,4.936598E1
5.548668E-2,4.901158E1
5.541301E-2,4.734956E1
5.533933E-2,4.592760E1
5.526565E-2,4.347214E1
5.519198E-2,3.968718E1
5.511830E-2,3.857197E1
5.504462E-2,3.749773E1
5.497095E-2,3.683455E1
5.489727E-2,3.625978E1
5.482359E-2,3.603897E1
5.474992E-2,3.631167E1
5.467624E-2,3.741961E1
5.460256E-2,3.834396E1
5.452889E-2,4.000787E1
5.445521E-2,4.026355E1
5.438153E-2,4.019538E1
5.430786E-2,4.010008E1
5.423418E-2,3.949307E1
5.416050E-2,3.916602E1
5.408683E-2,3.958240E1
5.401315E-2,4.029894E1
5.393947E-2,4.052178E1
5.386580E-2,4.124422E1
5.379212E-2,4.326433E1
5.371844E-2,4.611302E1
5.364477E-2,4.807099E1
5.357109E-2,4.924574E1
5.349741E-2,5.082051E1
5.342374E-2,5.220806E1
5.335006E-2,5.331578E1
5.327638E-2,5.397416E1
5.320271E-2,5.462700E1
5.312903E-2,5.361956E1
5.305535E-2,5.389134E1
5.298168E-2,5.234679E1
5.290800E-2,5.124317E1
5.283432E-2,5.417110E1
5.276065E-2,5.757102E1
5.268697E-2,5.913135E1
5.261329E-2,5.970048E1
5.253962E-2,5.924357E1
5.246594E-2,5.966974E1
5.239226E-2,6.030584E1
5.231859E-2,6.027142E1
5.224491E-2,5.961940E1
5.217123E-2,5.997227E1
5.209756E-2,6.030691E1
5.202388E-2,5.993608E1
5.195020E-2,5.883688E1
5.187653E-2,5.815963E1
5.180285E-2,5.851007E1
5.172917E-2,5.946707E1
5.165550E-2,6.061539E1
5.158182E-2,6.041640E1
5.150814E-2,6.114985E1
5.143447E-2,6.134432E1
5.136079E-2,6.022272E1
5.128711E-2,5.911830E1
5.121344E-2,5.781632E1
5.113976E-2,5.707573E1
5.106608E-2,5.737088E1
5.099241E-2,5.631316E1
5.091873E-2,5.516094E1
5.084505E-2,5.364538E1
5.077138E-2,5.010143E1
5.069770E-2,5.150715E1
5.062402E-2,5.143803E1
5.055035E-2,5.387232E1
5.047667E-2,5.567790E1
5.040299E-2,5.751167E1
5.032932E-2,5.913891E1
5.025564E-2,5.929277E1
5.018196E-2,5.828016E1
5.010828E-2,5.792786E1
5.003461E-2,5.735510E1
4.996093E-2,5.663375E1
4.988725E-2,5.567238E1
4.981358E-2,5.438050E1
4.973990E-2,5.191308E1
4.966622E-2,4.936850E1
4.959255E-2,4.906564E1
4.951887E-2,4.933744E1
4.944519E-2,4.910966E1
4.937152E-2,4.891416E1
4.929784E-2,4.908594E1
4.922416E-2,4.892920E1
4.915049E-2,4.863964E1
4.907681E-2,4.818205E1
4.900313E-2,4.714542E1
4.892946E-2,4.589199E1
4.885578E-2,4.422452E1
4.878210E-2,4.221099E1
4.870843E-2,4.046571E1
4.863475E-2,3.812855E1
4.856107E-2,3.679505E1
4.848740E-2,3.666275E1
4.841372E-2,3.734317E1
4.834004E-2,3.764342E1
4.826637E-2,3.680647E1
4.819269E-2,3.632901E1
4.811901E-2,3.741831E1
4.804534E-2,3.750142E1
4.797166E-2,3.592059E1
4.789798E-2,3.401006E1
4.782431E-2,3.291606E1
4.775063E-2,3.192136E1
4.767695E-2,3.039522E1
4.760328E-2,2.905947E1
4.752960E-2,2.804589E1
4.745592E-2,2.745666E1
4.738225E-2,2.887462E1
4.730857E-2,3.021567E1
4.723489E-2,3.155697E1
4.716122E-2,3.217858E1
4.708754E-2,3.329435E1
4.701386E-2,3.424645E1
4.694019E-2,3.503295E1
4.686651E-2,3.517499E1
4.679283E-2,3.664513E1
4.671916E-2,3.804705E1
4.664548E-2,3.828248E1
4.657180E-2,3.764572E1
4.649813E-2,3.715297E1
4.642445E-2,3.643844E1
4.635077E-2,3.703879E1
4.627710E-2,3.781487E1
4.620342E-2,4.035396E1
4.612974E-2,4.264201E1
4.605607E-2,4.338527E1
4.598239E-2,4.379393E1
4.590871E-2,4.533035E1
4.583504E-2,4.842793E1
4.576136E-2,4.930021E1
4.568768E-2,4.944966E1
4.561401E-2,5.007479E1
4.554033E-2,4.985678E1
4.546665E-2,4.791040E1
4.539298E-2,4.615067E1
4.531930E-2,4.395956E1
4.524562E-2,4.265092E1
4.517195E-2,4.423109E1
4.509827E-2,4.886243E1
4.502459E-2,5.118796E1
4.495092E-2,5.228650E1
4.487724E-2,5.398124E1
4.480356E-2,5.655486E1
4.472989E-2,5.675848E1
4.465621E-2,5.589043E1
4.458253E-2,5.748301E1
4.450886E-2,5.827589E1
4.443518E-2,5.843593E1
4.436150E-2,5.782955E1
4.428783E-2,5.618072E1
4.421415E-2,5.455916E1
4.414047E-2,5.418246E1
4.406680E-2,5.508582E1
4.399312E-2,5.576878E1
4.391944E-2,5.606981E1
4.384577E-2,5.624713E1
4.377209E-2,5.583184E1
4.369841E-2,5.544422E1
4.362474E-2,5.571004E1
4.355106E-2,5.583903E1
4.347738E-2,5.566107E1
4.340371E-2,5.660474E1
4.333003E-2,5.704565E1
4.325635E-2,5.586844E1
4.318268E-2,5.430560E1
4.310900E-2,5.356448E1
4.303532E-2,5.327840E1
4.296165E-2,5.363254E1
4.288797E-2,5.403997E1
4.281429E-2,5.417559E1
4.274062E-2,5.388411E1
4.266694E-2,5.450327E1
4.259326E-2,5.266457E1
4.251959E-2,5.252568E1
4.244591E-2,5.170211E1
4.237223E-2,5.053895E1
4.229856E-2,4.868885E1
4.222488E-2,4.763485E1
4.215120E-2,4.389723E1
4.207753E-2,4.315015E1
4.200385E-2,4.281000E1
4.193017E-2,4.411494E1
4.185650E-2,4.530321E1
4.178282E-2,4.602394E1
4.170914E-2,4.621611E1
4.163547E-2,4.722505E1
4.156179E-2,4.746117E1
4.148811E-2,4.697029E1
4.141444E-2,4.541597E1
4.134076E-2,4.471331E1
4.126708E-2,4.446691E1
4.119341E-2,4.447254E1
4.111973E-2,4.480159E1
4.104605E-2,4.230098E1
4.097238E-2,3.875123E1
4.089870E-2,3.705602E1
4.082502E-2,3.592211E1
4.075135E-2,3.502198E1
4.067767E-2,3.412856E1
4.060399E-2,3.363746E1
4.053032E-2,3.385830E1
4.045664E-2,3.430574E1
4.038296E-2,3.459693E1
4.030928E-2,3.402380E1
4.023561E-2,3.391738E1
4.016193E-2,3.418363E1
4.008825E-2,3.389003E1
4.001458E-2,3.203889E1
3.994090E-2,2.907003E1
3.986722E-2,2.687470E1
3.979355E-2,2.507491E1
3.971987E-2,2.498764E1
3.964619E-2,2.559867E1
3.957252E-2,2.735491E1
3.949884E-2,2.979852E1
3.942516E-2,3.226077E1
3.935149E-2,3.364082E1
3.927781E-2,3.457386E1
3.920413E-2,3.523153E1
3.913046E-2,3.549739E1
3.905678E-2,3.558126E1
3.898310E-2,3.601631E1
3.890943E-2,3.710291E1
3.883575E-2,3.821037E1
3.876207E-2,3.688346E1
3.868840E-2,3.757527E1
3.861472E-2,3.820054E1
3.854104E-2,3.981459E1
3.846737E-2,4.347942E1
3.839369E-2,4.637461E1
3.832001E-2,4.795371E1
3.824634E-2,4.744680E1
3.817266E-2,4.762624E1
3.809898E-2,4.872766E1
3.802531E-2,4.817794E1
3.795163E-2,4.727699E1
3.787795E-2,4.854670E1
3.780428E-2,4.931911E1
3.773060E-2,4.955747E1
3.765692E-2,4.913898E1
3.758325E-2,4.713226E1
3.750957E-2,4.609328E1
3.743589E-2,4.538852E1
3.736222E-2,4.532072E1
3.728854E-2,4.523049E1
3.721486E-2,4.542055E1
3.714119E-2,4.625125E1
3.706751E-2,4.737241E1
3.699383E-2,4.789683E1
3.692016E-2,4.788806E1
3.684648E-2,4.846834E1
3.677280E-2,4.857147E1
3.669913E-2,4.936131E1
3.662545E-2,4.840489E1
3.655177E-2,4.785674E1
3.647810E-2,4.746625E1
3.640442E-2,4.669744E1
3.633074E-2,4.792812E1
3.625707E-2,4.856897E1
3.618339E-2,5.011027E1
3.610971E-2,5.180375E1
3.603604E-2,5.289093E1
3.596236E-2,5.278600E1
3.588868E-2,5.205721E1
3.581501E-2,5.217222E1
3.574133E-2,5.274875E1
3.566765E-2,5.186019E1
3.559398E-2,5.099113E1
3.552030E-2,4.972810E1
3.544662E-2,4.790351E1
3.537295E-2,4.552973E1
3.529927E-2,4.364156E1
3.522559E-2,4.343849E1
3.515192E-2,4.357817E1
3.507824E-2,4.382299E1
3.500456E-2,4.426200E1
3.493089E-2,4.428243E1
3.485721E-2,4.419702E1
3.478353E-2,4.464208E1
3.470986E-2,4.455054E1
3.463618E-2,4.369941E1
3.456250E-2,4.289210E1
3.448883E-2,4.250637E1
3.441515E-2,4.277875E1
3.434147E-2,3.928795E1
3.426780E-2,3.454376E1
3.419412E-2,3.238019E1
3.412044E-2,3.125730E1
3.404677E-2,3.138876E1
3.397309E-2,3.333341E1
3.389941E-2,3.400705E1
3.382574E-2,3.495992E1
3.375206E-2,3.635721E1
3.367838E-2,3.748753E1
3.360471E-2,3.818332E1
3.353103E-2,3.799384E1
3.345735E-2,3.806886E1
3.338368E-2,3.787624E1
3.331000E-2,3.860706E1
3.323632E-2,3.791180E1
3.316265E-2,3.465049E1
3.308897E-2,3.149676E1
3.301529E-2,3.100648E1
3.294162E-2,3.045399E1
3.286794E-2,2.994444E1
3.279426E-2,3.107660E1
3.272059E-2,3.230464E1
3.264691E-2,3.286000E1
3.257323E-2,3.297950E1
3.249956E-2,3.329261E1
3.242588E-2,3.444466E1
3.235220E-2,3.397095E1
3.227853E-2,3.331511E1
3.220485E-2,3.407139E1
3.213117E-2,3.406956E1
3.205750E-2,3.271552E1
3.198382E-2,3.173390E1
3.191014E-2,3.173528E1
3.183647E-2,3.215740E1
3.176279E-2,3.260653E1
3.168911E-2,3.328586E1
3.161544E-2,3.417755E1
3.154176E-2,3.557552E1
3.146808E-2,3.579685E1
3.139441E-2,3.564963E1
3.132073E-2,3.518332E1
3.124705E-2,3.507518E1
3.117338E-2,3.594121E1
3.109970E-2,3.674222E1
3.102602E-2,3.692133E1
3.095235E-2,3.450662E1
3.087867E-2,3.416992E1
3.080499E-2,3.385024E1
3.073132E-2,3.392394E1
3.065764E-2,3.566137E1
3.058396E-2,3.788303E1
3.051028E-2,3.951185E1
3.043661E-2,4.013636E1
3.036293E-2,4.034050E1
3.028925E-2,4.137208E1
3.021558E-2,4.174665E1
3.014190E-2,4.165433E1
3.006822E-2,4.186910E1
2.999455E-2,4.125780E1
2.992087E-2,4.098002E1
2.984719E-2,4.205900E1
2.977352E-2,4.171615E1
2.969984E-2,4.134160E1
2.962616E-2,4.175939E1
2.955249E-2,4.196706E1
2.947881E-2,4.388966E1
2.940513E-2,4.452738E1
2.933146E-2,4.513959E1
2.925778E-2,4.593034E1
2.918410E-2,4.672532E1
2.911043E-2,4.921606E1
2.903675E-2,4.874275E1
2.896307E-2,4.882093E1
2.888940E-2,4.999102E1
2.881572E-2,5.033722E1
2.874204E-2,4.858872E1
2.866837E-2,4.354159E1
2.859469E-2,4.038351E1
2.852101E-2,4.034269E1
2.844734E-2,4.099427E1
2.837366E-2,4.157962E1
2.829998E-2,4.167253E1
2.822631E-2,4.180000E1
2.815263E-2,4.260071E1
2.807895E-2,4.374222E1
2.800528E-2,4.393361E1
2.793160E-2,4.334287E1
2.785792E-2,4.330055E1
2.778425E-2,4.318902E1
2.771057E-2,4.289578E1
2.763689E-2,4.259517E1
2.756322E-2,4.142282E1
2.748954E-2,4.060848E1
2.741586E-2,3.963999E1
2.734219E-2,3.934358E1
2.726851E-2,3.933186E1
2.719483E-2,3.904240E1
2.712116E-2,3.864729E1
2.704748E-2,3.803884E1
2.697380E-2,3.822055E1
2.690013E-2,3.924408E1
2.682645E-2,3.910675E1
2.675277E-2,3.895196E1
2.667910E-2,3.948694E1
2.660542E-2,3.911830E1
2.653174E-2,3.929935E1
2.645807E-2,3.866506E1
2.638439E-2,3.583652E1
2.631071E-2,3.577488E1
2.623704E-2,3.520028E1
2.616336E-2,3.449701E1
2.608968E-2,3.419541E1
2.601601E-2,3.382802E1
2.594233E-2,3.436273E1
2.586865E-2,3.524110E1
2.579498E-2,3.513175E1
2.572130E-2,3.471817E1
2.564762E-2,3.396197E1
2.557395E-2,3.379997E1
2.550027E-2,3.360086E1
2.542659E-2,3.345081E1
2.535292E-2,3.235962E1
2.527924E-2,3.081453E1
2.520556E-2,3.004423E1
2.513189E-2,2.972656E1
2.505821E-2,2.941846E1
2.498453E-2,2.930316E1
2.491086E-2,2.945117E1
2.483718E-2,2.996055E1
2.476350E-2,3.005468E1
2.468983E-2,3.049823E1
2.461615E-2,3.136871E1
2.454247E-2,3.197012E1
2.446880E-2,3.164824E1
2.439512E-2,3.134963E1
2.432144E-2,3.131126E1
2.424777E-2,3.117828E1
2.417409E-2,3.028081E1
2.410041E-2,2.926161E1
2.402674E-2,2.915651E1
2.395306E-2,3.001645E1
2.387938E-2,3.110658E1
2.380571E-2,3.188874E1
2.373203E-2,3.279963E1
2.365835E-2,3.319268E1
2.358468E-2,3.331449E1
2.351100E-2,3.399815E1
2.343732E-2,3.548636E1
2.336365E-2,3.727930E1
2.328997E-2,3.605109E1
2.321629E-2,3.511692E1
2.314262E-2,3.429522E1
2.306894E-2,3.300183E1
2.299526E-2,3.185086E1
2.292159E-2,3.137261E1
2.284791E-2,3.196848E1
2.277423E-2,3.288956E1
2.270056E-2,3.308316E1
2.262688E-2,3.517613E1
2.255320E-2,3.737270E1
2.247953E-2,3.978667E1
2.240585E-2,4.190696E1
2.233217E-2,4.240896E1
2.225850E-2,4.244376E1
2.218482E-2,4.363145E1
2.211114E-2,4.288890E1
2.203747E-2,4.209106E1
2.196379E-2,4.169614E1
2.189011E-2,4.133522E1
2.181644E-2,4.063644E1
2.174276E-2,3.983773E1
2.166908E-2,3.966838E1
2.159541E-2,4.043521E1
2.152173E-2,4.062705E1
2.144805E-2,4.102004E1
2.137438E-2,4.040480E1
2.130070E-2,4.077297E1
2.122702E-2,4.276776E1
2.115335E-2,4.349230E1
2.107967E-2,4.296564E1
2.100599E-2,4.310330E1
2.093231E-2,4.301468E1
2.085864E-2,4.343949E1
2.078496E-2,4.355783E1
2.071128E-2,4.191084E1
2.063761E-2,3.948248E1
2.056393E-2,3.808960E1
2.049025E-2,3.722403E1
2.041658E-2,3.744867E1
2.034290E-2,3.867289E1
2.026922E-2,3.876743E1
2.019555E-2,3.899728E1
2.012187E-2,3.981242E1
2.004819E-2,4.061335E1
1.997452E-2,4.089953E1
1.990084E-2,4.072365E1
1.982716E-2,4.052544E1
1.975349E-2,4.022027E1
1.967981E-2,4.057616E1
1.960613E-2,3.892336E1
1.953246E-2,3.697621E1
1.945878E-2,3.680185E1
1.938510E-2,3.642950E1
1.931143E-2,3.574280E1
1.923775E-2,3.662996E1
1.916407E-2,3.769725E1
1.909040E-2,3.845042E1
1.901672E-2,3.856529E1
1.894304E-2,3.845763E1
1.886937E-2,3.915599E1
1.879569E-2,3.955260E1
1.872201E-2,3.969583E1
1.864834E-2,3.992709E1
1.857466E-2,3.874112E1
1.850098E-2,3.708272E1
1.842731E-2,3.519577E1
1.835363E-2,3.371242E1
1.827995E-2,3.309213E1
1.820628E-2,3.323867E1
1.813260E-2,3.342241E1
1.805892E-2,3.360971E1
1.798525E-2,3.352831E1
1.791157E-2,3.405780E1
1.783789E-2,3.423166E1
1.776422E-2,3.364735E1
1.769054E-2,3.330270E1
1.761686E-2,3.324828E1
1.754319E-2,3.291883E1
1.746951E-2,3.205415E1
1.739583E-2,3.055631E1
1.732216E-2,2.817117E1
1.724848E-2,2.505103E1
1.717480E-2,2.126998E1
1.710113E-2,2.102946E1
1.702745E-2,2.182762E1
1.695377E-2,2.524856E1
1.688010E-2,2.703030E1
1.680642E-2,2.770946E1
1.673274E-2,2.953500E1
1.665907E-2,3.104869E1
1.658539E-2,3.223896E1
1.651171E-2,3.388498E1
1.643804E-2,3.451546E1
1.636436E-2,3.415077E1
1.629068E-2,3.407670E1
1.621701E-2,3.377512E1
1.614333E-2,3.343438E1
1.606965E-2,3.317631E1
1.599598E-2,3.295940E1
1.592230E-2,3.231583E1
1.584862E-2,3.202320E1
1.577495E-2,3.269630E1
1.570127E-2,3.441476E1
1.562759E-2,3.479823E1
1.555392E-2,3.492451E1
1.548024E-2,3.507986E1
1.540656E-2,3.559221E1
1.533289E-2,3.604018E1
1.525921E-2,3.648785E1
1.518553E-2,3.643170E1
1.511186E-2,3.560987E1
1.503818E-2,3.476738E1
1.496450E-2,3.474634E1
1.489083E-2,3.421444E1
1.481715E-2,3.368911E1
1.474347E-2,3.381873E1
1.466980E-2,3.397889E1
1.459612E-2,3.435246E1
1.452244E-2,3.531487E1
1.444877E-2,3.664511E1
1.437509E-2,3.858670E1
1.430141E-2,3.992816E1
1.422774E-2,4.032039E1
1.415406E-2,4.068262E1
1.408038E-2,4.077222E1
1.400671E-2,4.032702E1
1.393303E-2,4.030029E1
1.385935E-2,3.979112E1
1.378568E-2,3.978244E1
1.371200E-2,4.020556E1
1.363832E-2,3.981090E1
1.356465E-2,3.951118E1
1.349097E-2,3.925102E1
1.341729E-2,3.924184E1
1.334362E-2,3.923821E1
1.326994E-2,3.882603E1
